Name,Nation,Followers,Height,Weight,Age,Birthday,Hometown,First Season,Stance
Kelly Slater,United States,167k,175 cm,73 kg,"Cocoa Beach, Florida, USA","Feb 11, 1972","
            ,Stance,
            ,Regular,
        ,
            ,First season,
            ,1989 Men's CT,
        ,
            ,Age,
            ,
                51
            ,
            ,Feb 11, 1972,
        ,
        ,
            ,Height,
            ,
        ,
            5 ft, 9 in
        ,
     ,175 cm,
        ,
            ,Weight,
            ,160 lbs, ,73 kg,
        ,
            ,Hometown,
            ,Cocoa Beach, Florida, USA,
        ",1989 Men's CT,Regular
Jay Thompson,Australia,122,188 cm,87 kg,"Sydney, New South Wales, Australia","Aug 16, 1982","
            ,Stance,
            ,Regular,
        ,
            ,First season,
            ,2006 Men's CT,
        ,
            ,Age,
            ,
                40
            ,
            ,Aug 16, 1982,
        ,
        ,
            ,Height,
            ,
        ,
            6 ft, 3 in
        ,
     ,188 cm,
        ,
            ,Weight,
            ,191 lbs, ,87 kg,
        ,
            ,Hometown,
            ,Sydney, New South Wales, Australia,
        ",2006 Men's CT,Regular
Joan Duru,France,"8,957",177 cm,77 kg,"Ondres, France","Apr 25, 1989","
            ,Stance,
            ,Goofy,
        ,
            ,First season,
            ,2006 Men's CT,
        ,
            ,Age,
            ,
                34
            ,
            ,Apr 25, 1989,
        ,
        ,
            ,Height,
            ,
        ,
            5 ft, 10 in
        ,
     ,177 cm,
        ,
            ,Weight,
            ,169 lbs, ,77 kg,
        ,
            ,Hometown,
            ,Ondres, France,
        ",2006 Men's CT,Goofy
Raoni Monteiro,Brazil,576,177 cm,76 kg,"Saquarema, Rio de Janeiro, Brazil","May 7, 1982","
            ,Stance,
            ,Regular,
        ,
            ,First season,
            ,1999 Men's CT,
        ,
            ,Age,
            ,
                41
            ,
            ,May 7, 1982,
        ,
        ,
            ,Height,
            ,
        ,
            5 ft, 10 in
        ,
     ,177 cm,
        ,
            ,Weight,
            ,167 lbs, ,76 kg,
        ,
            ,Hometown,
            ,Saquarema, Rio de Janeiro, Brazil,
        ",1999 Men's CT,Regular
Heitor Alves,Brazil,"1,568",167 cm,66 kg,"Fortaleza, Brazil","Apr 3, 1982","
            ,Stance,
            ,Goofy,
        ,
            ,First season,
            ,2007 Men's CT,
        ,
            ,Age,
            ,
                41
            ,
            ,Apr 3, 1982,
        ,
        ,
            ,Height,
            ,
        ,
            5 ft, 6 in
        ,
     ,167 cm,
        ,
            ,Weight,
            ,145 lbs, ,66 kg,
        ,
            ,Hometown,
            ,Fortaleza, Brazil,
        ",2007 Men's CT,Goofy
Matthew McGillivray,South Africa,"4,970",180 cm,73 kg,"Jeffreys Bay, Eastern Cape, South Africa","Mar 26, 1997","
            ,Stance,
            ,Regular,
        ,
            ,First season,
            ,2012 Men's JR,
        ,
            ,Age,
            ,
                26
            ,
            ,Mar 26, 1997,
        ,
        ,
            ,Height,
            ,
        ,
            5 ft, 11 in
        ,
     ,180 cm,
        ,
            ,Weight,
            ,160 lbs, ,73 kg,
        ,
            ,Hometown,
            ,Jeffreys Bay, Eastern Cape, South Africa,
        ",2012 Men's JR,Regular
Yadin Nicol,Australia,689,175 cm,70 kg,"Cowaramup, Western Australia, Australia","Nov 16, 1985","
            ,Stance,
            ,Regular,
        ,
            ,First season,
            ,2006 Men's CT,
        ,
            ,Age,
            ,
                37
            ,
            ,Nov 16, 1985,
        ,
        ,
            ,Height,
            ,
        ,
            5 ft, 9 in
        ,
     ,175 cm,
        ,
            ,Weight,
            ,154 lbs, ,70 kg,
        ,
            ,Hometown,
            ,Cowaramup, Western Australia, Australia,
        ",2006 Men's CT,Regular
Alex Ribeiro,Brazil,14k,178 cm,77 kg,"Praia Grande, São Paulo, Brazil","Oct 19, 1989","
            ,Stance,
            ,Goofy,
        ,
            ,First season,
            ,2008 Men's QS,
        ,
            ,Age,
            ,
                33
            ,
            ,Oct 19, 1989,
        ,
        ,
            ,Height,
            ,
        ,
            5 ft, 11 in
        ,
     ,178 cm,
        ,
            ,Weight,
            ,169 lbs, ,77 kg,
        ,
            ,Hometown,
            ,Praia Grande, São Paulo, Brazil,
        ",2008 Men's QS,Goofy
Bino Lopes,Brazil,"4,758",180 cm,74 kg,"Praia do Forte, Bahia / Brazil","Dec 6, 1987","
            ,Stance,
            ,Regular,
        ,
            ,First season,
            ,2008 Men's QS,
        ,
            ,Age,
            ,
                35
            ,
            ,Dec 6, 1987,
        ,
        ,
            ,Height,
            ,
        ,
            5 ft, 11 in
        ,
     ,180 cm,
        ,
            ,Weight,
            ,163 lbs, ,74 kg,
        ,
            ,Hometown,
            ,Praia do Forte, Bahia / Brazil,
        ",2008 Men's QS,Regular
Glenn Hall,Ireland,"2,609",165 cm,63 kg,"Umina, New South Wales, Australia","Nov 11, 1981","
            ,Stance,
            ,Goofy,
        ,
            ,First season,
            ,2008 Men's QS,
        ,
            ,Age,
            ,
                41
            ,
            ,Nov 11, 1981,
        ,
        ,
            ,Height,
            ,
        ,
            5 ft, 5 in
        ,
     ,165 cm,
        ,
            ,Weight,
            ,138 lbs, ,63 kg,
        ,
            ,Hometown,
            ,Umina, New South Wales, Australia,
        ",2008 Men's QS,Goofy
Ricardo Christie,New Zealand,"9,439",185 cm,84 kg,"Mahia, New Zealand","Oct 13, 1988","
            ,Stance,
            ,Regular,
        ,
            ,First season,
            ,2008 Men's QS,
        ,
            ,Age,
            ,
                34
            ,
            ,Oct 13, 1988,
        ,
        ,
            ,Height,
            ,
        ,
            6 ft, 1 in
        ,
     ,185 cm,
        ,
            ,Weight,
            ,185 lbs, ,84 kg,
        ,
            ,Hometown,
            ,Mahia, New Zealand,
        ",2008 Men's QS,Regular
Joe Van Dijk,Australia,"1,353",182 cm,74 kg,"Phillip Island, Victoria, Australia","Sep 22, 1998","
            ,Stance,
            ,Regular,
        ,
            ,First season,
            ,2012 Men's JR,
        ,
            ,Age,
            ,
                24
            ,
            ,Sep 22, 1998,
        ,
        ,
            ,Height,
            ,
        ,
            6 ft, 0 in
        ,
     ,182 cm,
        ,
            ,Weight,
            ,163 lbs, ,74 kg,
        ,
            ,Hometown,
            ,Phillip Island, Victoria, Australia,
        ",2012 Men's JR,Regular
Aca Ravulo,Fiji,581,182 cm,78 kg,"Cuvu, Sigatoka, Fiji","Apr 28, 1984","
            ,Stance,
            ,Regular,
        ,
            ,First season,
            ,2013 Men's CT,
        ,
            ,Age,
            ,
                39
            ,
            ,Apr 28, 1984,
        ,
        ,
            ,Height,
            ,
        ,
            6 ft, 0 in
        ,
     ,182 cm,
        ,
            ,Weight,
            ,171 lbs, ,78 kg,
        ,
            ,Hometown,
            ,Cuvu, Sigatoka, Fiji,
        ",2013 Men's CT,Regular
Afonso Antunes,Portugal,"1,084",152 cm,43 kg,"Caparica, Portugal","Aug 19, 2003","
            ,Stance,
            ,Regular,
        ,
            ,First season,
            ,2015 Men's JR,
        ,
            ,Age,
            ,
                19
            ,
            ,Aug 19, 2003,
        ,
        ,
            ,Height,
            ,
        ,
            5 ft, 0 in
        ,
     ,152 cm,
        ,
            ,Weight,
            ,94 lbs, ,43 kg,
        ,
            ,Hometown,
            ,Caparica, Portugal,
        ",2015 Men's JR,Regular
Jamie O'Brien,Hawaii,"9,980",185 cm,88 kg,"Haleiwa, Oahu, Hawaii","Jun 9, 1983","
            ,Stance,
            ,Regular,
        ,
            ,First season,
            ,2003 Men's CT,
        ,
            ,Age,
            ,
                39
            ,
            ,Jun 9, 1983,
        ,
        ,
            ,Height,
            ,
        ,
            6 ft, 1 in
        ,
     ,185 cm,
        ,
            ,Weight,
            ,194 lbs, ,88 kg,
        ,
            ,Hometown,
            ,Haleiwa, Oahu, Hawaii,
        ",2003 Men's CT,Regular
Jay Davies,Australia,"2,584",183 cm,83 kg,"Yallingup, Western Australia","Mar 3, 1987","
            ,Stance,
            ,Regular,
        ,
            ,First season,
            ,2009 Men's QS,
        ,
            ,Age,
            ,
                36
            ,
            ,Mar 3, 1987,
        ,
        ,
            ,Height,
            ,
        ,
            6 ft, 1 in
        ,
     ,183 cm,
        ,
            ,Weight,
            ,184 lbs, ,83 kg,
        ,
            ,Hometown,
            ,Yallingup, Western Australia,
        ",2009 Men's QS,Regular
Jordan Lawler,Australia,992,175 cm,70 kg,North Narrabeen,"Jan 6, 1995","
            ,Stance,
            ,Goofy,
        ,
            ,First season,
            ,2012 Men's JR,
        ,
            ,Age,
            ,
                28
            ,
            ,Jan 6, 1995,
        ,
        ,
            ,Height,
            ,
        ,
            5 ft, 9 in
        ,
     ,175 cm,
        ,
            ,Weight,
            ,154 lbs, ,70 kg,
        ,
            ,Hometown,
            ,North Narrabeen,
        ",2012 Men's JR,Goofy
Soli Bailey,Australia,"3,075",183 cm,80 kg,"Suffolk Park, New South Wales, Australia","May 31, 1995","
            ,Stance,
            ,Regular,
        ,
            ,First season,
            ,2011 Men's JR,
        ,
            ,Age,
            ,
                27
            ,
            ,May 31, 1995,
        ,
        ,
            ,Height,
            ,
        ,
            6 ft, 1 in
        ,
     ,183 cm,
        ,
            ,Weight,
            ,176 lbs, ,80 kg,
        ,
            ,Hometown,
            ,Suffolk Park, New South Wales, Australia,
        ",2011 Men's JR,Regular
Kauli Vaast,France,"2,645",176 cm,70 kg,"Vairao, Tahiti","Feb 26, 2002","
            ,Stance,
            ,Goofy,
        ,
            ,First season,
            ,2015 Men's JR,
        ,
            ,Age,
            ,
                21
            ,
            ,Feb 26, 2002,
        ,
        ,
            ,Height,
            ,
        ,
            5 ft, 10 in
        ,
     ,176 cm,
        ,
            ,Weight,
            ,154 lbs, ,70 kg,
        ,
            ,Hometown,
            ,Vairao, Tahiti,
        ",2015 Men's JR,Goofy
Miguel Tudela,Peru,"2,564",171 cm,64 kg,"Punta Hermosa, Peru","Dec 26, 1994","
            ,Stance,
            ,Goofy,
        ,
            ,First season,
            ,2009 Men's QS,
        ,
            ,Age,
            ,
                28
            ,
            ,Dec 26, 1994,
        ,
        ,
            ,Height,
            ,
        ,
            5 ft, 8 in
        ,
     ,171 cm,
        ,
            ,Weight,
            ,141 lbs, ,64 kg,
        ,
            ,Hometown,
            ,Punta Hermosa, Peru,
        ",2009 Men's QS,Goofy
Maxime Huscenot,France,"3,340",175 cm,68 kg,"Saint-Gilles, Reunion, France","May 17, 1992","
            ,Stance,
            ,Regular,
        ,
            ,First season,
            ,2008 Men's QS,
        ,
            ,Age,
            ,
                30
            ,
            ,May 17, 1992,
        ,
        ,
            ,Height,
            ,
        ,
            5 ft, 9 in
        ,
     ,175 cm,
        ,
            ,Weight,
            ,149 lbs, ,68 kg,
        ,
            ,Hometown,
            ,Saint-Gilles, Reunion, France,
        ",2008 Men's QS,Regular
Ian Gentil,Hawaii,"1,095",183 cm,77 kg,"Paia, Maui, Hawaii","Dec 2, 1996","
            ,Stance,
            ,Regular,
        ,
            ,First season,
            ,2010 Men's QS,
        ,
            ,Age,
            ,
                26
            ,
            ,Dec 2, 1996,
        ,
        ,
            ,Height,
            ,
        ,
            6 ft, 1 in
        ,
     ,183 cm,
        ,
            ,Weight,
            ,169 lbs, ,77 kg,
        ,
            ,Hometown,
            ,Paia, Maui, Hawaii,
        ",2010 Men's QS,Regular
Liam O'Brien,Australia,"2,846",180 cm,75 kg,"Brisbane, Australia ","May 2, 1999","
            ,Stance,
            ,Regular,
        ,
            ,First season,
            ,2015 Men's JR,
        ,
            ,Age,
            ,
                24
            ,
            ,May 2, 1999,
        ,
        ,
            ,Height,
            ,
        ,
            5 ft, 11 in
        ,
     ,180 cm,
        ,
            ,Weight,
            ,165 lbs, ,75 kg,
        ,
            ,Hometown,
            ,Brisbane, Australia ,
        ",2015 Men's JR,Regular
Ramzi Boukhiam,Morocco,"2,758",184 cm,85 kg,Agadir,"Sep 14, 1993","
            ,Stance,
            ,Goofy,
        ,
            ,First season,
            ,2008 Men's QS,
        ,
            ,Age,
            ,
                29
            ,
            ,Sep 14, 1993,
        ,
        ,
            ,Height,
            ,
        ,
            6 ft, 1 in
        ,
     ,184 cm,
        ,
            ,Weight,
            ,187 lbs, ,85 kg,
        ,
            ,Hometown,
            ,Agadir,
        ",2008 Men's QS,Goofy
Jackson Baker,Australia,"2,884",173 cm,80 kg,"Merewether, Newcastle, Australia","Jan 10, 1997","
            ,Stance,
            ,Regular,
        ,
            ,First season,
            ,2012 Men's JR,
        ,
            ,Age,
            ,
                26
            ,
            ,Jan 10, 1997,
        ,
        ,
            ,Height,
            ,
        ,
            5 ft, 9 in
        ,
     ,173 cm,
        ,
            ,Weight,
            ,176 lbs, ,80 kg,
        ,
            ,Hometown,
            ,Merewether, Newcastle, Australia,
        ",2012 Men's JR,Regular
Barron Mamiya,Hawaii,"5,717",175 cm,62 kg,"Haleiwa, HI","Jan 27, 2000","
            ,Stance,
            ,Regular,
        ,
            ,First season,
            ,2012 Men's JR,
        ,
            ,Age,
            ,
                23
            ,
            ,Jan 27, 2000,
        ,
        ,
            ,Height,
            ,
        ,
            5 ft, 9 in
        ,
     ,175 cm,
        ,
            ,Weight,
            ,136 lbs, ,62 kg,
        ,
            ,Hometown,
            ,Haleiwa, HI,
        ",2012 Men's JR,Regular
Samuel Pupo,Brazil,10k,175 cm,77 kg,"Maresias, Brazil","Oct 27, 2000","
            ,Stance,
            ,Regular,
        ,
            ,First season,
            ,2012 Men's JR,
        ,
            ,Age,
            ,
                22
            ,
            ,Oct 27, 2000,
        ,
        ,
            ,Height,
            ,
        ,
            5 ft, 9 in
        ,
     ,175 cm,
        ,
            ,Weight,
            ,169 lbs, ,77 kg,
        ,
            ,Hometown,
            ,Maresias, Brazil,
        ",2012 Men's JR,Regular
Rio Waida,Indonesia,22k,170 cm,64 kg,"Uluwatu, Bali","Jan 25, 2000","
            ,Stance,
            ,Regular,
        ,
            ,First season,
            ,2015 Men's QS,
        ,
            ,Age,
            ,
                23
            ,
            ,Jan 25, 2000,
        ,
        ,
            ,Height,
            ,
        ,
            5 ft, 7 in
        ,
     ,170 cm,
        ,
            ,Weight,
            ,141 lbs, ,64 kg,
        ,
            ,Hometown,
            ,Uluwatu, Bali,
        ",2015 Men's QS,Regular
Jake Marshall,United States,"2,448",182 cm,74 kg,"Encinitas, USA","Nov 12, 1998","
            ,Stance,
            ,Regular,
        ,
            ,First season,
            ,2011 Men's JR,
        ,
            ,Age,
            ,
                24
            ,
            ,Nov 12, 1998,
        ,
        ,
            ,Height,
            ,
        ,
            6 ft, 0 in
        ,
     ,182 cm,
        ,
            ,Weight,
            ,163 lbs, ,74 kg,
        ,
            ,Hometown,
            ,Encinitas, USA,
        ",2011 Men's JR,Regular
Mitch Crews,Australia,"1,925",180 cm,77 kg,"Nambour, Queensland, Australia","Apr 5, 1990","
            ,Stance,
            ,Regular,
        ,
            ,First season,
            ,2009 Men's QS,
        ,
            ,Age,
            ,
                33
            ,
            ,Apr 5, 1990,
        ,
        ,
            ,Height,
            ,
        ,
            5 ft, 11 in
        ,
     ,180 cm,
        ,
            ,Weight,
            ,169 lbs, ,77 kg,
        ,
            ,Hometown,
            ,Nambour, Queensland, Australia,
        ",2009 Men's QS,Regular
Dion Atkinson,Australia,"1,338",182 cm,82 kg,"Adelaide, South Australia, Australia","Apr 29, 1986","
            ,Stance,
            ,Regular,
        ,
            ,First season,
            ,2008 Men's QS,
        ,
            ,Age,
            ,
                37
            ,
            ,Apr 29, 1986,
        ,
        ,
            ,Height,
            ,
        ,
            6 ft, 0 in
        ,
     ,182 cm,
        ,
            ,Weight,
            ,180 lbs, ,82 kg,
        ,
            ,Hometown,
            ,Adelaide, South Australia, Australia,
        ",2008 Men's QS,Regular
Aritz Aranburu,Spain,"7,079",172 cm,70 kg,"Zarautz, Spain","Aug 30, 1985","
            ,Stance,
            ,Regular,
        ,
            ,First season,
            ,2007 Men's CT,
        ,
            ,Age,
            ,
                37
            ,
            ,Aug 30, 1985,
        ,
        ,
            ,Height,
            ,
        ,
            5 ft, 8 in
        ,
     ,172 cm,
        ,
            ,Weight,
            ,155 lbs, ,70 kg,
        ,
            ,Hometown,
            ,Zarautz, Spain,
        ",2007 Men's CT,Regular
Mitch Coleborn,Australia,"1,353",173 cm,75 kg,"Nambour, Queensland, Australia","Jan 15, 1987","
            ,Stance,
            ,Goofy,
        ,
            ,First season,
            ,2008 Men's QS,
        ,
            ,Age,
            ,
                36
            ,
            ,Jan 15, 1987,
        ,
        ,
            ,Height,
            ,
        ,
            5 ft, 9 in
        ,
     ,173 cm,
        ,
            ,Weight,
            ,166 lbs, ,75 kg,
        ,
            ,Hometown,
            ,Nambour, Queensland, Australia,
        ",2008 Men's QS,Goofy
Callum Robson,Australia,"3,170",178 cm,79 kg,"Evans Head, New South Wales, Australia","Nov 27, 2000","
            ,Stance,
            ,Regular,
        ,
            ,First season,
            ,2016 Men's JR,
        ,
            ,Age,
            ,
                22
            ,
            ,Nov 27, 2000,
        ,
        ,
            ,Height,
            ,
        ,
            5 ft, 11 in
        ,
     ,178 cm,
        ,
            ,Weight,
            ,174 lbs, ,79 kg,
        ,
            ,Hometown,
            ,Evans Head, New South Wales, Australia,
        ",2016 Men's JR,Regular
Ethan Ewing,Australia,14k,178 cm,77 kg,"North Stradbroke Island, Queensland, Australia","Sep 2, 1998","
            ,Stance,
            ,Regular,
        ,
            ,First season,
            ,2012 Men's JR,
        ,
            ,Age,
            ,
                24
            ,
            ,Sep 2, 1998,
        ,
        ,
            ,Height,
            ,
        ,
            5 ft, 11 in
        ,
     ,178 cm,
        ,
            ,Weight,
            ,169 lbs, ,77 kg,
        ,
            ,Hometown,
            ,North Stradbroke Island, Queensland, Australia,
        ",2012 Men's JR,Regular
Jacob Willcox,Australia,"3,680",178 cm,65 kg,"Margaret River, West AUS","Jun 2, 1997","
            ,Stance,
            ,Goofy,
        ,
            ,First season,
            ,2011 Men's JR,
        ,
            ,Age,
            ,
                25
            ,
            ,Jun 2, 1997,
        ,
        ,
            ,Height,
            ,
        ,
            5 ft, 11 in
        ,
     ,178 cm,
        ,
            ,Weight,
            ,143 lbs, ,65 kg,
        ,
            ,Hometown,
            ,Margaret River, West AUS,
        ",2011 Men's JR,Goofy
Hiroto Ohhara,Japan,"3,752",162 cm,62 kg,"Chiba, Japan","Nov 14, 1996","
            ,Stance,
            ,Regular,
        ,
            ,First season,
            ,2009 Men's QS,
        ,
            ,Age,
            ,
                26
            ,
            ,Nov 14, 1996,
        ,
        ,
            ,Height,
            ,
        ,
            5 ft, 4 in
        ,
     ,162 cm,
        ,
            ,Weight,
            ,136 lbs, ,62 kg,
        ,
            ,Hometown,
            ,Chiba, Japan,
        ",2009 Men's QS,Regular
Mason Ho,Hawaii,12k,173 cm,68 kg,"Sunset Beach, Oahu","Sep 1, 1988","
            ,Stance,
            ,Regular,
        ,
            ,First season,
            ,2008 Men's QS,
        ,
            ,Age,
            ,
                34
            ,
            ,Sep 1, 1988,
        ,
        ,
            ,Height,
            ,
        ,
            5 ft, 9 in
        ,
     ,173 cm,
        ,
            ,Weight,
            ,149 lbs, ,68 kg,
        ,
            ,Hometown,
            ,Sunset Beach, Oahu,
        ",2008 Men's QS,Regular
Lucas Silveira,Brazil,"5,046",185 cm,87 kg,Rio de Janeiro,"Jan 29, 1996","
            ,Stance,
            ,Regular,
        ,
            ,First season,
            ,2011 Men's QS,
        ,
            ,Age,
            ,
                27
            ,
            ,Jan 29, 1996,
        ,
        ,
            ,Height,
            ,
        ,
            6 ft, 1 in
        ,
     ,185 cm,
        ,
            ,Weight,
            ,191 lbs, ,87 kg,
        ,
            ,Hometown,
            ,Rio de Janeiro,
        ",2011 Men's QS,Regular
Bruno Santos,Brazil,"4,674",165 cm,67 kg,Rio de Janeiro,"Feb 21, 1983","
            ,Stance,
            ,Goofy,
        ,
            ,First season,
            ,2000 Men's CT,
        ,
            ,Age,
            ,
                40
            ,
            ,Feb 21, 1983,
        ,
        ,
            ,Height,
            ,
        ,
            5 ft, 5 in
        ,
     ,165 cm,
        ,
            ,Weight,
            ,147 lbs, ,67 kg,
        ,
            ,Hometown,
            ,Rio de Janeiro,
        ",2000 Men's CT,Goofy
Peterson Crisanto,Brazil,"7,183",166 cm,72 kg,"Matinhos, Paraná, Brazil","Mar 20, 1992","
            ,Stance,
            ,Regular,
        ,
            ,First season,
            ,2008 Men's QS,
        ,
            ,Age,
            ,
                31
            ,
            ,Mar 20, 1992,
        ,
        ,
            ,Height,
            ,
        ,
            5 ft, 6 in
        ,
     ,166 cm,
        ,
            ,Weight,
            ,158 lbs, ,72 kg,
        ,
            ,Hometown,
            ,Matinhos, Paraná, Brazil,
        ",2008 Men's QS,Regular
Jack Freestone,Australia,21k,185 cm,86 kg,"Tweed Heads, New South Wales, Australia","Apr 3, 1992","
            ,Stance,
            ,Regular,
        ,
            ,First season,
            ,2010 Men's QS,
        ,
            ,Age,
            ,
                31
            ,
            ,Apr 3, 1992,
        ,
        ,
            ,Height,
            ,
        ,
            6 ft, 1 in
        ,
     ,185 cm,
        ,
            ,Weight,
            ,189 lbs, ,86 kg,
        ,
            ,Hometown,
            ,Tweed Heads, New South Wales, Australia,
        ",2010 Men's QS,Regular
Davey Cathels,Australia,"2,967",172 cm,67 kg,"Narrabeen, NSW, Australia","Mar 30, 1991","
            ,Stance,
            ,Regular,
        ,
            ,First season,
            ,2010 Men's QS,
        ,
            ,Age,
            ,
                32
            ,
            ,Mar 30, 1991,
        ,
        ,
            ,Height,
            ,
        ,
            5 ft, 8 in
        ,
     ,172 cm,
        ,
            ,Weight,
            ,147 lbs, ,67 kg,
        ,
            ,Hometown,
            ,Narrabeen, NSW, Australia,
        ",2010 Men's QS,Regular
Deivid Silva,Brazil,13k,168 cm,68 kg,"Guaruja, São Paulo, Brazil","Feb 10, 1995","
            ,Stance,
            ,Goofy,
        ,
            ,First season,
            ,2011 Men's JR,
        ,
            ,Age,
            ,
                28
            ,
            ,Feb 10, 1995,
        ,
        ,
            ,Height,
            ,
        ,
            5 ft, 7 in
        ,
     ,168 cm,
        ,
            ,Weight,
            ,149 lbs, ,68 kg,
        ,
            ,Hometown,
            ,Guaruja, São Paulo, Brazil,
        ",2011 Men's JR,Goofy
Nat Young,United States,17k,180 cm,75 kg,"Santa Cruz, California, USA","Jun 17, 1991","
            ,Stance,
            ,Goofy,
        ,
            ,First season,
            ,2008 Men's QS,
        ,
            ,Age,
            ,
                31
            ,
            ,Jun 17, 1991,
        ,
        ,
            ,Height,
            ,
        ,
            5 ft, 11 in
        ,
     ,180 cm,
        ,
            ,Weight,
            ,165 lbs, ,75 kg,
        ,
            ,Hometown,
            ,Santa Cruz, California, USA,
        ",2008 Men's QS,Goofy
Matt Banting,Australia,"7,395",180 cm,69 kg,"Port Macquarie, New South Wales, Australia","Jun 25, 1994","
            ,Stance,
            ,Regular,
        ,
            ,First season,
            ,2011 Men's JR,
        ,
            ,Age,
            ,
                28
            ,
            ,Jun 25, 1994,
        ,
        ,
            ,Height,
            ,
        ,
            5 ft, 11 in
        ,
     ,180 cm,
        ,
            ,Weight,
            ,152 lbs, ,69 kg,
        ,
            ,Hometown,
            ,Port Macquarie, New South Wales, Australia,
        ",2011 Men's JR,Regular
Leonardo Fioravanti,Italy,22k,180 cm,80 kg,"Rome, Lazio, Italy","Dec 8, 1997","
            ,Stance,
            ,Regular,
        ,
            ,First season,
            ,2011 Men's JR,
        ,
            ,Age,
            ,
                25
            ,
            ,Dec 8, 1997,
        ,
        ,
            ,Height,
            ,
        ,
            5 ft, 11 in
        ,
     ,180 cm,
        ,
            ,Weight,
            ,176 lbs, ,80 kg,
        ,
            ,Hometown,
            ,Rome, Lazio, Italy,
        ",2011 Men's JR,Regular
Jorgann Couzinet,France,"3,128",187 cm,85 kg,"St Gilles Les Hauts, France","Oct 17, 1993","
            ,Stance,
            ,Regular,
        ,
            ,First season,
            ,2011 Men's JR,
        ,
            ,Age,
            ,
                29
            ,
            ,Oct 17, 1993,
        ,
        ,
            ,Height,
            ,
        ,
            6 ft, 2 in
        ,
     ,187 cm,
        ,
            ,Weight,
            ,187 lbs, ,85 kg,
        ,
            ,Hometown,
            ,St Gilles Les Hauts, France,
        ",2011 Men's JR,Regular
Miguel Blanco,Portugal,"1,986",173 cm,67 kg,"Cascais, Portugal","Nov 27, 1995","
            ,Stance,
            ,Regular,
        ,
            ,First season,
            ,2011 Men's JR,
        ,
            ,Age,
            ,
                27
            ,
            ,Nov 27, 1995,
        ,
        ,
            ,Height,
            ,
        ,
            5 ft, 9 in
        ,
     ,173 cm,
        ,
            ,Weight,
            ,147 lbs, ,67 kg,
        ,
            ,Hometown,
            ,Cascais, Portugal,
        ",2011 Men's JR,Regular
Josh Kerr,Australia,20k,173 cm,69 kg,"Tweed Heads, NSW, Australia","Mar 29, 1984","
            ,Stance,
            ,Regular,
        ,
            ,First season,
            ,2007 Men's CT,
        ,
            ,Age,
            ,
                39
            ,
            ,Mar 29, 1984,
        ,
        ,
            ,Height,
            ,
        ,
            5 ft, 9 in
        ,
     ,173 cm,
        ,
            ,Weight,
            ,152 lbs, ,69 kg,
        ,
            ,Hometown,
            ,Tweed Heads, NSW, Australia,
        ",2007 Men's CT,Regular
Seth Moniz,Hawaii,13k,170 cm,68 kg,"Honolulu, Oahu, Hawaii","Aug 9, 1997","
            ,Stance,
            ,Regular,
        ,
            ,First season,
            ,2012 Men's JR,
        ,
            ,Age,
            ,
                25
            ,
            ,Aug 9, 1997,
        ,
        ,
            ,Height,
            ,
        ,
            5 ft, 7 in
        ,
     ,170 cm,
        ,
            ,Weight,
            ,149 lbs, ,68 kg,
        ,
            ,Hometown,
            ,Honolulu, Oahu, Hawaii,
        ",2012 Men's JR,Regular
Stuart Kennedy,Australia,"7,643",175 cm,73 kg,"Lennox Head, NSW, Australia","Nov 28, 1989","
            ,Stance,
            ,Regular,
        ,
            ,First season,
            ,2008 Men's QS,
        ,
            ,Age,
            ,
                33
            ,
            ,Nov 28, 1989,
        ,
        ,
            ,Height,
            ,
        ,
            5 ft, 9 in
        ,
     ,175 cm,
        ,
            ,Weight,
            ,160 lbs, ,73 kg,
        ,
            ,Hometown,
            ,Lennox Head, NSW, Australia,
        ",2008 Men's QS,Regular
Alejo Muniz,Brazil,27k,175 cm,72 kg,"Santa Catarina, Brazil","Feb 22, 1990","
            ,Stance,
            ,Regular,
        ,
            ,First season,
            ,2008 Men's QS,
        ,
            ,Age,
            ,
                33
            ,
            ,Feb 22, 1990,
        ,
        ,
            ,Height,
            ,
        ,
            5 ft, 9 in
        ,
     ,175 cm,
        ,
            ,Weight,
            ,158 lbs, ,72 kg,
        ,
            ,Hometown,
            ,Santa Catarina, Brazil,
        ",2008 Men's QS,Regular
Vasco Ribeiro,Portugal,"6,835",180 cm,84 kg,"Cascais, Portugal","Nov 22, 1994","
            ,Stance,
            ,Regular,
        ,
            ,First season,
            ,2008 Men's QS,
        ,
            ,Age,
            ,
                28
            ,
            ,Nov 22, 1994,
        ,
        ,
            ,Height,
            ,
        ,
            5 ft, 11 in
        ,
     ,180 cm,
        ,
            ,Weight,
            ,185 lbs, ,84 kg,
        ,
            ,Hometown,
            ,Cascais, Portugal,
        ",2008 Men's QS,Regular
Caio Ibelli,Brazil,30k,167 cm,72 kg,"Guaruja, São Paulo, Brazil","Oct 11, 1993","
            ,Stance,
            ,Regular,
        ,
            ,First season,
            ,2008 Men's QS,
        ,
            ,Age,
            ,
                29
            ,
            ,Oct 11, 1993,
        ,
        ,
            ,Height,
            ,
        ,
            5 ft, 6 in
        ,
     ,167 cm,
        ,
            ,Weight,
            ,158 lbs, ,72 kg,
        ,
            ,Hometown,
            ,Guaruja, São Paulo, Brazil,
        ",2008 Men's QS,Regular
John John Florence,Hawaii,189k,186 cm,79 kg,"North Shore, Oahu, Hawaii","Oct 18, 1992","
            ,Stance,
            ,Regular,
        ,
            ,First season,
            ,2008 Men's QS,
        ,
            ,Age,
            ,
                30
            ,
            ,Oct 18, 1992,
        ,
        ,
            ,Height,
            ,
        ,
            6 ft, 2 in
        ,
     ,186 cm,
        ,
            ,Weight,
            ,174 lbs, ,79 kg,
        ,
            ,Hometown,
            ,North Shore, Oahu, Hawaii,
        ",2008 Men's QS,Regular
Miguel Pupo,Brazil,45k,175 cm,73 kg," Itanhaém, São Paulo, Brazil","Nov 19, 1991","
            ,Stance,
            ,Goofy,
        ,
            ,First season,
            ,2008 Men's QS,
        ,
            ,Age,
            ,
                31
            ,
            ,Nov 19, 1991,
        ,
        ,
            ,Height,
            ,
        ,
            5 ft, 9 in
        ,
     ,175 cm,
        ,
            ,Weight,
            ,160 lbs, ,73 kg,
        ,
            ,Hometown,
            , Itanhaém, São Paulo, Brazil,
        ",2008 Men's QS,Goofy
Keanu Asing,Hawaii,"8,677",163 cm,63 kg,"Honolulu, Oahu, Hawaii","May 30, 1993","
            ,Stance,
            ,Regular,
        ,
            ,First season,
            ,2009 Men's QS,
        ,
            ,Age,
            ,
                29
            ,
            ,May 30, 1993,
        ,
        ,
            ,Height,
            ,
        ,
            5 ft, 5 in
        ,
     ,163 cm,
        ,
            ,Weight,
            ,138 lbs, ,63 kg,
        ,
            ,Hometown,
            ,Honolulu, Oahu, Hawaii,
        ",2009 Men's QS,Regular
Wiggolly Dantas,Brazil,30k,175 cm,72 kg,"Ubatuba, Sao Paulo, Brazil","Dec 16, 1989","
            ,Stance,
            ,Goofy,
        ,
            ,First season,
            ,2008 Men's QS,
        ,
            ,Age,
            ,
                33
            ,
            ,Dec 16, 1989,
        ,
        ,
            ,Height,
            ,
        ,
            5 ft, 9 in
        ,
     ,175 cm,
        ,
            ,Weight,
            ,158 lbs, ,72 kg,
        ,
            ,Hometown,
            ,Ubatuba, Sao Paulo, Brazil,
        ",2008 Men's QS,Goofy
Michael February,South Africa,"5,376",188 cm,72 kg,"Cape Town, South Africa","May 17, 1993","
            ,Stance,
            ,Regular,
        ,
            ,First season,
            ,2008 Men's QS,
        ,
            ,Age,
            ,
                29
            ,
            ,May 17, 1993,
        ,
        ,
            ,Height,
            ,
        ,
            6 ft, 3 in
        ,
     ,188 cm,
        ,
            ,Weight,
            ,158 lbs, ,72 kg,
        ,
            ,Hometown,
            ,Cape Town, South Africa,
        ",2008 Men's QS,Regular
Jack Robinson,Australia,25k,180 cm,81 kg,"Margaret River, Australia","Dec 27, 1997","
            ,Stance,
            ,Regular,
        ,
            ,First season,
            ,2011 Men's JR,
        ,
            ,Age,
            ,
                25
            ,
            ,Dec 27, 1997,
        ,
        ,
            ,Height,
            ,
        ,
            5 ft, 11 in
        ,
     ,180 cm,
        ,
            ,Weight,
            ,178 lbs, ,81 kg,
        ,
            ,Hometown,
            ,Margaret River, Australia,
        ",2011 Men's JR,Regular
Ian Gouveia,Brazil,13k,167 cm,69 kg,"Recife, Brazil","Oct 27, 1992","
            ,Stance,
            ,Goofy,
        ,
            ,First season,
            ,2008 Men's QS,
        ,
            ,Age,
            ,
                30
            ,
            ,Oct 27, 1992,
        ,
        ,
            ,Height,
            ,
        ,
            5 ft, 6 in
        ,
     ,167 cm,
        ,
            ,Weight,
            ,152 lbs, ,69 kg,
        ,
            ,Hometown,
            ,Recife, Brazil,
        ",2008 Men's QS,Goofy
Tomas Hermes,Brazil,"8,165",163 cm,65 kg,"Barra Velha, Santa Catarina, Brazil","Feb 28, 1987","
            ,Stance,
            ,Regular,
        ,
            ,First season,
            ,2008 Men's QS,
        ,
            ,Age,
            ,
                36
            ,
            ,Feb 28, 1987,
        ,
        ,
            ,Height,
            ,
        ,
            5 ft, 5 in
        ,
     ,163 cm,
        ,
            ,Weight,
            ,143 lbs, ,65 kg,
        ,
            ,Hometown,
            ,Barra Velha, Santa Catarina, Brazil,
        ",2008 Men's QS,Regular
Connor O'Leary,Australia,10k,185 cm,85 kg,"Cronulla, New South Wales, Australia","Oct 12, 1993","
            ,Stance,
            ,Goofy,
        ,
            ,First season,
            ,2011 Men's JR,
        ,
            ,Age,
            ,
                29
            ,
            ,Oct 12, 1993,
        ,
        ,
            ,Height,
            ,
        ,
            6 ft, 1 in
        ,
     ,185 cm,
        ,
            ,Weight,
            ,187 lbs, ,85 kg,
        ,
            ,Hometown,
            ,Cronulla, New South Wales, Australia,
        ",2011 Men's JR,Goofy
Jesse Mendes,Italy,15k,186 cm,79 kg,"Guaruja, Sao Paulo, Brazil","Jan 9, 1993","
            ,Stance,
            ,Goofy,
        ,
            ,First season,
            ,2008 Men's QS,
        ,
            ,Age,
            ,
                30
            ,
            ,Jan 9, 1993,
        ,
        ,
            ,Height,
            ,
        ,
            6 ft, 2 in
        ,
     ,186 cm,
        ,
            ,Weight,
            ,174 lbs, ,79 kg,
        ,
            ,Hometown,
            ,Guaruja, Sao Paulo, Brazil,
        ",2008 Men's QS,Goofy
Ryan Callinan,Australia,12k,183 cm,80 kg,"Newcastle, New South Wales, Australia","May 27, 1992","
            ,Stance,
            ,Goofy,
        ,
            ,First season,
            ,2009 Men's QS,
        ,
            ,Age,
            ,
                30
            ,
            ,May 27, 1992,
        ,
        ,
            ,Height,
            ,
        ,
            6 ft, 1 in
        ,
     ,183 cm,
        ,
            ,Weight,
            ,176 lbs, ,80 kg,
        ,
            ,Hometown,
            ,Newcastle, New South Wales, Australia,
        ",2009 Men's QS,Goofy
Frederico Morais,Portugal,22k,185 cm,81 kg,"Cascais, Portugal","Jan 3, 1992","
            ,Stance,
            ,Regular,
        ,
            ,First season,
            ,2008 Men's QS,
        ,
            ,Age,
            ,
                31
            ,
            ,Jan 3, 1992,
        ,
        ,
            ,Height,
            ,
        ,
            6 ft, 1 in
        ,
     ,185 cm,
        ,
            ,Weight,
            ,178 lbs, ,81 kg,
        ,
            ,Hometown,
            ,Cascais, Portugal,
        ",2008 Men's QS,Regular
Griffin Colapinto,United States,27k,178 cm,78 kg,"San Clemente, California, USA","Jul 29, 1998","
            ,Stance,
            ,Regular,
        ,
            ,First season,
            ,2011 Men's JR,
        ,
            ,Age,
            ,
                24
            ,
            ,Jul 29, 1998,
        ,
        ,
            ,Height,
            ,
        ,
            5 ft, 11 in
        ,
     ,178 cm,
        ,
            ,Weight,
            ,171 lbs, ,78 kg,
        ,
            ,Hometown,
            ,San Clemente, California, USA,
        ",2011 Men's JR,Regular
Michael Rodrigues,Brazil,11k,175 cm,75 kg,"Florianópolis, Santa Catarina, Brazil","Nov 3, 1994","
            ,Stance,
            ,Regular,
        ,
            ,First season,
            ,2010 Men's QS,
        ,
            ,Age,
            ,
                28
            ,
            ,Nov 3, 1994,
        ,
        ,
            ,Height,
            ,
        ,
            5 ft, 9 in
        ,
     ,175 cm,
        ,
            ,Weight,
            ,165 lbs, ,75 kg,
        ,
            ,Hometown,
            ,Florianópolis, Santa Catarina, Brazil,
        ",2010 Men's QS,Regular
Ezekiel Lau,Hawaii,13k,186 cm,92 kg,"Honolulu, Oahu, Hawaii","Nov 23, 1993","
            ,Stance,
            ,Regular,
        ,
            ,First season,
            ,2008 Men's QS,
        ,
            ,Age,
            ,
                29
            ,
            ,Nov 23, 1993,
        ,
        ,
            ,Height,
            ,
        ,
            6 ft, 2 in
        ,
     ,186 cm,
        ,
            ,Weight,
            ,202 lbs, ,92 kg,
        ,
            ,Hometown,
            ,Honolulu, Oahu, Hawaii,
        ",2008 Men's QS,Regular
Yago Dora,Brazil,29k,181 cm,77 kg,"Florianópolis, Santa Catarina, Brazil","May 18, 1996","
            ,Stance,
            ,Goofy,
        ,
            ,First season,
            ,2012 Men's JR,
        ,
            ,Age,
            ,
                26
            ,
            ,May 18, 1996,
        ,
        ,
            ,Height,
            ,
        ,
            6 ft, 0 in
        ,
     ,181 cm,
        ,
            ,Weight,
            ,169 lbs, ,77 kg,
        ,
            ,Hometown,
            ,Florianópolis, Santa Catarina, Brazil,
        ",2012 Men's JR,Goofy
Willian Cardoso,Brazil,11k,179 cm,95 kg,"Balneario Camboriu, Santa Catarina, Brazil","Feb 8, 1986","
            ,Stance,
            ,Regular,
        ,
            ,First season,
            ,2008 Men's QS,
        ,
            ,Age,
            ,
                37
            ,
            ,Feb 8, 1986,
        ,
        ,
            ,Height,
            ,
        ,
            5 ft, 11 in
        ,
     ,179 cm,
        ,
            ,Weight,
            ,209 lbs, ,95 kg,
        ,
            ,Hometown,
            ,Balneario Camboriu, Santa Catarina, Brazil,
        ",2008 Men's QS,Regular
Mikey Wright,Australia,14k,183 cm,80 kg,"Culburra Beach, New South Wales, Australia","Sep 14, 1996","
            ,Stance,
            ,Regular,
        ,
            ,First season,
            ,2012 Men's JR,
        ,
            ,Age,
            ,
                26
            ,
            ,Sep 14, 1996,
        ,
        ,
            ,Height,
            ,
        ,
            6 ft, 1 in
        ,
     ,183 cm,
        ,
            ,Weight,
            ,176 lbs, ,80 kg,
        ,
            ,Hometown,
            ,Culburra Beach, New South Wales, Australia,
        ",2012 Men's JR,Regular
Sebastian Zietz,Hawaii,21k,183 cm,77 kg,"Kilauea, Hawaii, USA","Feb 6, 1988","
            ,Stance,
            ,Regular,
        ,
            ,First season,
            ,2008 Men's QS,
        ,
            ,Age,
            ,
                35
            ,
            ,Feb 6, 1988,
        ,
        ,
            ,Height,
            ,
        ,
            6 ft, 1 in
        ,
     ,183 cm,
        ,
            ,Weight,
            ,169 lbs, ,77 kg,
        ,
            ,Hometown,
            ,Kilauea, Hawaii, USA,
        ",2008 Men's QS,Regular
Kanoa Igarashi,Japan,44k,180 cm,78 kg,"Huntington Beach, California, USA","Oct 1, 1997","
            ,Stance,
            ,Regular,
        ,
            ,First season,
            ,2012 Men's JR,
        ,
            ,Age,
            ,
                25
            ,
            ,Oct 1, 1997,
        ,
        ,
            ,Height,
            ,
        ,
            5 ft, 11 in
        ,
     ,180 cm,
        ,
            ,Weight,
            ,171 lbs, ,78 kg,
        ,
            ,Hometown,
            ,Huntington Beach, California, USA,
        ",2012 Men's JR,Regular
Gabriel Medina,Brazil,209k,180 cm,77 kg,"Maresias, São Paulo, Brazil","Dec 22, 1993","
            ,Stance,
            ,Goofy,
        ,
            ,First season,
            ,2008 Men's QS,
        ,
            ,Age,
            ,
                29
            ,
            ,Dec 22, 1993,
        ,
        ,
            ,Height,
            ,
        ,
            5 ft, 11 in
        ,
     ,180 cm,
        ,
            ,Weight,
            ,169 lbs, ,77 kg,
        ,
            ,Hometown,
            ,Maresias, São Paulo, Brazil,
        ",2008 Men's QS,Goofy
Kolohe Andino,United States,41k,180 cm,79 kg,"San Clemente, California, USA","Mar 22, 1994","
            ,Stance,
            ,Regular,
        ,
            ,First season,
            ,2008 Men's QS,
        ,
            ,Age,
            ,
                29
            ,
            ,Mar 22, 1994,
        ,
        ,
            ,Height,
            ,
        ,
            5 ft, 11 in
        ,
     ,180 cm,
        ,
            ,Weight,
            ,174 lbs, ,79 kg,
        ,
            ,Hometown,
            ,San Clemente, California, USA,
        ",2008 Men's QS,Regular
Wade Carmichael,Australia,"9,607",180 cm,86 kg,"Avoca Beach, New South Wales, Australia","Nov 1, 1992","
            ,Stance,
            ,Regular,
        ,
            ,First season,
            ,2011 Men's JR,
        ,
            ,Age,
            ,
                30
            ,
            ,Nov 1, 1992,
        ,
        ,
            ,Height,
            ,
        ,
            5 ft, 11 in
        ,
     ,180 cm,
        ,
            ,Weight,
            ,189 lbs, ,86 kg,
        ,
            ,Hometown,
            ,Avoca Beach, New South Wales, Australia,
        ",2011 Men's JR,Regular
Julian Wilson,Australia,82k,183 cm,82 kg,"Coolum Beach, Queensland, Australia","Nov 8, 1988","
            ,Stance,
            ,Regular,
        ,
            ,First season,
            ,2007 Men's CT,
        ,
            ,Age,
            ,
                34
            ,
            ,Nov 8, 1988,
        ,
        ,
            ,Height,
            ,
        ,
            6 ft, 1 in
        ,
     ,183 cm,
        ,
            ,Weight,
            ,180 lbs, ,82 kg,
        ,
            ,Hometown,
            ,Coolum Beach, Queensland, Australia,
        ",2007 Men's CT,Regular
Italo Ferreira,Brazil,116k,168 cm,68 kg,"Baía Formosa, Rio Grande do Norte, Brazil","May 6, 1994","
            ,Stance,
            ,Goofy,
        ,
            ,First season,
            ,2009 Men's QS,
        ,
            ,Age,
            ,
                29
            ,
            ,May 6, 1994,
        ,
        ,
            ,Height,
            ,
        ,
            5 ft, 7 in
        ,
     ,168 cm,
        ,
            ,Weight,
            ,149 lbs, ,68 kg,
        ,
            ,Hometown,
            ,Baía Formosa, Rio Grande do Norte, Brazil,
        ",2009 Men's QS,Goofy
Conner Coffin,United States,25k,172 cm,76 kg,"Santa Barbara, California, USA","Jul 13, 1993","
            ,Stance,
            ,Regular,
        ,
            ,First season,
            ,2008 Men's QS,
        ,
            ,Age,
            ,
                29
            ,
            ,Jul 13, 1993,
        ,
        ,
            ,Height,
            ,
        ,
            5 ft, 8 in
        ,
     ,172 cm,
        ,
            ,Weight,
            ,167 lbs, ,76 kg,
        ,
            ,Hometown,
            ,Santa Barbara, California, USA,
        ",2008 Men's QS,Regular
Filipe Toledo,Brazil,172k,175 cm,70 kg,"Ubatuba, São Paulo, Brazil","Apr 16, 1995","
            ,Stance,
            ,Regular,
        ,
            ,First season,
            ,2009 Men's QS,
        ,
            ,Age,
            ,
                28
            ,
            ,Apr 16, 1995,
        ,
        ,
            ,Height,
            ,
        ,
            5 ft, 9 in
        ,
     ,175 cm,
        ,
            ,Weight,
            ,154 lbs, ,70 kg,
        ,
            ,Hometown,
            ,Ubatuba, São Paulo, Brazil,
        ",2009 Men's QS,Regular
Tanner Gudauskas,United States,"2,237",178 cm,81 kg,"California, USA","Jul 4, 1988","
            ,Stance,
            ,Goofy,
        ,
            ,First season,
            ,2008 Men's QS,
        ,
            ,Age,
            ,
                34
            ,
            ,Jul 4, 1988,
        ,
        ,
            ,Height,
            ,
        ,
            5 ft, 11 in
        ,
     ,178 cm,
        ,
            ,Weight,
            ,179 lbs, ,81 kg,
        ,
            ,Hometown,
            ,California, USA,
        ",2008 Men's QS,Goofy
Adam Melling,Australia,"5,210",175 cm,75 kg,"Lennox Head, New South Wales, Australia","Mar 29, 1985","
            ,Stance,
            ,Regular,
        ,
            ,First season,
            ,2008 Men's QS,
        ,
            ,Age,
            ,
                38
            ,
            ,Mar 29, 1985,
        ,
        ,
            ,Height,
            ,
        ,
            5 ft, 9 in
        ,
     ,175 cm,
        ,
            ,Weight,
            ,165 lbs, ,75 kg,
        ,
            ,Hometown,
            ,Lennox Head, New South Wales, Australia,
        ",2008 Men's QS,Regular
Brett Simpson,United States,"5,110",185 cm,81 kg,"Long Beach, California, USA","Jan 5, 1985","
            ,Stance,
            ,Regular,
        ,
            ,First season,
            ,2008 Men's QS,
        ,
            ,Age,
            ,
                38
            ,
            ,Jan 5, 1985,
        ,
        ,
            ,Height,
            ,
        ,
            6 ft, 1 in
        ,
     ,185 cm,
        ,
            ,Weight,
            ,179 lbs, ,81 kg,
        ,
            ,Hometown,
            ,Long Beach, California, USA,
        ",2008 Men's QS,Regular
Joel Parkinson,Australia,37k,183 cm,82 kg,"Nambour, Queensland, Australia","Apr 10, 1981","
            ,Stance,
            ,Regular,
        ,
            ,First season,
            ,1999 Men's CT,
        ,
            ,Age,
            ,
                42
            ,
            ,Apr 10, 1981,
        ,
        ,
            ,Height,
            ,
        ,
            6 ft, 1 in
        ,
     ,183 cm,
        ,
            ,Weight,
            ,180 lbs, ,82 kg,
        ,
            ,Hometown,
            ,Nambour, Queensland, Australia,
        ",1999 Men's CT,Regular
Kai Otton,Australia,"7,012",180 cm,76 kg,"Tathra, New South Wales, Australia","Dec 16, 1979","
            ,Stance,
            ,Goofy,
        ,
            ,First season,
            ,2007 Men's CT,
        ,
            ,Age,
            ,
                43
            ,
            ,Dec 16, 1979,
        ,
        ,
            ,Height,
            ,
        ,
            5 ft, 11 in
        ,
     ,180 cm,
        ,
            ,Weight,
            ,168 lbs, ,76 kg,
        ,
            ,Hometown,
            ,Tathra, New South Wales, Australia,
        ",2007 Men's CT,Goofy
Matt Wilkinson,Australia,47k,180 cm,82 kg,"Sydney, New South Wales, Australia","Sep 29, 1988","
            ,Stance,
            ,Goofy,
        ,
            ,First season,
            ,2006 Men's CT,
        ,
            ,Age,
            ,
                34
            ,
            ,Sep 29, 1988,
        ,
        ,
            ,Height,
            ,
        ,
            5 ft, 11 in
        ,
     ,180 cm,
        ,
            ,Weight,
            ,180 lbs, ,82 kg,
        ,
            ,Hometown,
            ,Sydney, New South Wales, Australia,
        ",2006 Men's CT,Goofy
Dusty Payne,Hawaii,"8,364",178 cm,74 kg,"Lahaina, Maui","Dec 27, 1988","
            ,Stance,
            ,Regular,
        ,
            ,First season,
            ,2008 Men's QS,
        ,
            ,Age,
            ,
                34
            ,
            ,Dec 27, 1988,
        ,
        ,
            ,Height,
            ,
        ,
            5 ft, 11 in
        ,
     ,178 cm,
        ,
            ,Weight,
            ,164 lbs, ,74 kg,
        ,
            ,Hometown,
            ,Lahaina, Maui,
        ",2008 Men's QS,Regular
Tiago Pires,Portugal,"1,560",167 cm,69 kg,"Alcantara, Lisbon, Portugal","Mar 13, 1980","
            ,Stance,
            ,Regular,
        ,
            ,First season,
            ,1999 Men's CT,
        ,
            ,Age,
            ,
                43
            ,
            ,Mar 13, 1980,
        ,
        ,
            ,Height,
            ,
        ,
            5 ft, 6 in
        ,
     ,167 cm,
        ,
            ,Weight,
            ,153 lbs, ,69 kg,
        ,
            ,Hometown,
            ,Alcantara, Lisbon, Portugal,
        ",1999 Men's CT,Regular
Andy Irons,Hawaii,"1,658",183 cm,77 kg,"Hanalei, Kauai","Jul 24, 1978","
            ,Stance,
            ,Regular,
        ,
            ,First season,
            ,1997 Men's CT,
        ,
            ,Age,
            ,
                32
            ,
            ,Jul 24, 1978,
        ,
        ,
            ,Height,
            ,
        ,
            6 ft, 1 in
        ,
     ,183 cm,
        ,
            ,Weight,
            ,169 lbs, ,77 kg,
        ,
            ,Hometown,
            ,Hanalei, Kauai,
        ",1997 Men's CT,Regular
Patrick Gudauskas,United States,"4,429",183 cm,72 kg,"La Jolla, California,USA","Nov 20, 1985","
            ,Stance,
            ,Regular,
        ,
            ,First season,
            ,2008 Men's QS,
        ,
            ,Age,
            ,
                37
            ,
            ,Nov 20, 1985,
        ,
        ,
            ,Height,
            ,
        ,
            6 ft, 1 in
        ,
     ,183 cm,
        ,
            ,Weight,
            ,159 lbs, ,72 kg,
        ,
            ,Hometown,
            ,La Jolla, California,USA,
        ",2008 Men's QS,Regular
Freddy Patacchia Jr.,Hawaii,"3,841",172 cm,74 kg,"Haleiwa, Hawaii","Dec 15, 1981","
            ,Stance,
            ,Goofy,
        ,
            ,First season,
            ,2002 Men's CT,
        ,
            ,Age,
            ,
                41
            ,
            ,Dec 15, 1981,
        ,
        ,
            ,Height,
            ,
        ,
            5 ft, 8 in
        ,
     ,172 cm,
        ,
            ,Weight,
            ,164 lbs, ,74 kg,
        ,
            ,Hometown,
            ,Haleiwa, Hawaii,
        ",2002 Men's CT,Goofy
Damien Hobgood,United States,"1,894",177 cm,70 kg,"Melbourne, Florida, USA","Jul 6, 1979","
            ,Stance,
            ,Goofy,
        ,
            ,First season,
            ,1999 Men's CT,
        ,
            ,Age,
            ,
                43
            ,
            ,Jul 6, 1979,
        ,
        ,
            ,Height,
            ,
        ,
            5 ft, 10 in
        ,
     ,177 cm,
        ,
            ,Weight,
            ,154 lbs, ,70 kg,
        ,
            ,Hometown,
            ,Melbourne, Florida, USA,
        ",1999 Men's CT,Goofy
Kieren Perrow,Australia,95,175 cm,68 kg,"Byron Bay, New South Wales, Australia","Jan 1, 1977","
            ,Stance,
            ,Regular,
        ,
            ,First season,
            ,2001 Men's CT,
        ,
            ,Age,
            ,
                46
            ,
            ,Jan 1, 1977,
        ,
        ,
            ,Height,
            ,
        ,
            5 ft, 9 in
        ,
     ,175 cm,
        ,
            ,Weight,
            ,149 lbs, ,68 kg,
        ,
            ,Hometown,
            ,Byron Bay, New South Wales, Australia,
        ",2001 Men's CT,Regular
Michel Bourez,France,21k,175 cm,80 kg,"Rurutu, French Polynesia","Dec 30, 1985","
            ,Stance,
            ,Regular,
        ,
            ,First season,
            ,2007 Men's CT,
        ,
            ,Age,
            ,
                37
            ,
            ,Dec 30, 1985,
        ,
        ,
            ,Height,
            ,
        ,
            5 ft, 9 in
        ,
     ,175 cm,
        ,
            ,Weight,
            ,176 lbs, ,80 kg,
        ,
            ,Hometown,
            ,Rurutu, French Polynesia,
        ",2007 Men's CT,Regular
C.J. Hobgood,United States,"6,285",173 cm,68 kg,"Melbourne, Florida, USA","Jul 6, 1979","
            ,Stance,
            ,Goofy,
        ,
            ,First season,
            ,1999 Men's CT,
        ,
            ,Age,
            ,
                43
            ,
            ,Jul 6, 1979,
        ,
        ,
            ,Height,
            ,
        ,
            5 ft, 9 in
        ,
     ,173 cm,
        ,
            ,Weight,
            ,149 lbs, ,68 kg,
        ,
            ,Hometown,
            ,Melbourne, Florida, USA,
        ",1999 Men's CT,Goofy
Jadson Andre,Brazil,33k,170 cm,70 kg,"Natal City, Rio Grande do Norte, Brazil","Mar 13, 1990","
            ,Stance,
            ,Goofy,
        ,
            ,First season,
            ,2008 Men's QS,
        ,
            ,Age,
            ,
                33
            ,
            ,Mar 13, 1990,
        ,
        ,
            ,Height,
            ,
        ,
            5 ft, 7 in
        ,
     ,170 cm,
        ,
            ,Weight,
            ,154 lbs, ,70 kg,
        ,
            ,Hometown,
            ,Natal City, Rio Grande do Norte, Brazil,
        ",2008 Men's QS,Goofy
Bede Durbidge,Australia,"8,862",185 cm,82 kg,"North Stradbroke Island, Queensland, Australia","Feb 23, 1983","
            ,Stance,
            ,Regular,
        ,
            ,First season,
            ,2002 Men's CT,
        ,
            ,Age,
            ,
                40
            ,
            ,Feb 23, 1983,
        ,
        ,
            ,Height,
            ,
        ,
            6 ft, 1 in
        ,
     ,185 cm,
        ,
            ,Weight,
            ,180 lbs, ,82 kg,
        ,
            ,Hometown,
            ,North Stradbroke Island, Queensland, Australia,
        ",2002 Men's CT,Regular
Adrian Buchan,Australia,14k,175 cm,75 kg,"Avoca Beach, New South Wales, Australia","Sep 21, 1982","
            ,Stance,
            ,Goofy,
        ,
            ,First season,
            ,2003 Men's CT,
        ,
            ,Age,
            ,
                40
            ,
            ,Sep 21, 1982,
        ,
        ,
            ,Height,
            ,
        ,
            5 ft, 9 in
        ,
     ,175 cm,
        ,
            ,Weight,
            ,165 lbs, ,75 kg,
        ,
            ,Hometown,
            ,Avoca Beach, New South Wales, Australia,
        ",2003 Men's CT,Goofy
Jeremy Flores,France,38k,173 cm,72 kg,"Reunion Island, France","Apr 27, 1988","
            ,Stance,
            ,Regular,
        ,
            ,First season,
            ,2006 Men's CT,
        ,
            ,Age,
            ,
                35
            ,
            ,Apr 27, 1988,
        ,
        ,
            ,Height,
            ,
        ,
            5 ft, 9 in
        ,
     ,173 cm,
        ,
            ,Weight,
            ,158 lbs, ,72 kg,
        ,
            ,Hometown,
            ,Reunion Island, France,
        ",2006 Men's CT,Regular
Adriano de Souza,Brazil,99k,170 cm,66 kg,"Guarujá, São Paulo, Brazil","Feb 13, 1987","
            ,Stance,
            ,Regular,
        ,
            ,First season,
            ,2006 Men's CT,
        ,
            ,Age,
            ,
                36
            ,
            ,Feb 13, 1987,
        ,
        ,
            ,Height,
            ,
        ,
            5 ft, 7 in
        ,
     ,170 cm,
        ,
            ,Weight,
            ,145 lbs, ,66 kg,
        ,
            ,Hometown,
            ,Guarujá, São Paulo, Brazil,
        ",2006 Men's CT,Regular
Taj Burrow,Australia,20k,175 cm,72 kg,"Busselton, Western Australia, Australia","Jun 2, 1978","
            ,Stance,
            ,Regular,
        ,
            ,First season,
            ,1996 Men's CT,
        ,
            ,Age,
            ,
                44
            ,
            ,Jun 2, 1978,
        ,
        ,
            ,Height,
            ,
        ,
            5 ft, 9 in
        ,
     ,175 cm,
        ,
            ,Weight,
            ,158 lbs, ,72 kg,
        ,
            ,Hometown,
            ,Busselton, Western Australia, Australia,
        ",1996 Men's CT,Regular
Dane Reynolds,United States,10k,183 cm,79 kg,"Ventura, California, USA","Sep 7, 1985","
            ,Stance,
            ,Regular,
        ,
            ,First season,
            ,2003 Men's CT,
        ,
            ,Age,
            ,
                37
            ,
            ,Sep 7, 1985,
        ,
        ,
            ,Height,
            ,
        ,
            6 ft, 1 in
        ,
     ,183 cm,
        ,
            ,Weight,
            ,174 lbs, ,79 kg,
        ,
            ,Hometown,
            ,Ventura, California, USA,
        ",2003 Men's CT,Regular
Owen Wright,Australia,61k,190 cm,81 kg,"Culburra Beach, New South Wales, Australia","Jan 16, 1990","
            ,Stance,
            ,Goofy,
        ,
            ,First season,
            ,2006 Men's CT,
        ,
            ,Age,
            ,
                33
            ,
            ,Jan 16, 1990,
        ,
        ,
            ,Height,
            ,
        ,
            6 ft, 3 in
        ,
     ,190 cm,
        ,
            ,Weight,
            ,178 lbs, ,81 kg,
        ,
            ,Hometown,
            ,Culburra Beach, New South Wales, Australia,
        ",2006 Men's CT,Goofy
Jordy Smith,South Africa,78k,190 cm,88 kg,"Durban, KwaZulu-Natal, South Africa","Feb 11, 1988","
            ,Stance,
            ,Regular,
        ,
            ,First season,
            ,2006 Men's CT,
        ,
            ,Age,
            ,
                35
            ,
            ,Feb 11, 1988,
        ,
        ,
            ,Height,
            ,
        ,
            6 ft, 3 in
        ,
     ,190 cm,
        ,
            ,Weight,
            ,194 lbs, ,88 kg,
        ,
            ,Hometown,
            ,Durban, KwaZulu-Natal, South Africa,
        ",2006 Men's CT,Regular
Mick Fanning,Australia,114k,178 cm,79 kg,"Penrith, New South Wales, Australia","Jun 13, 1981","
            ,Stance,
            ,Regular,
        ,
            ,First season,
            ,1999 Men's CT,
        ,
            ,Age,
            ,
                41
            ,
            ,Jun 13, 1981,
        ,
        ,
            ,Height,
            ,
        ,
            5 ft, 11 in
        ,
     ,178 cm,
        ,
            ,Weight,
            ,174 lbs, ,79 kg,
        ,
            ,Hometown,
            ,Penrith, New South Wales, Australia,
        ",1999 Men's CT,Regular
